{
  "ga_data": {
    "ar": {
      "fertility": 2.91,
      "ratio": 1.1411764705882355
    },
    "en": {
      "fertility": 2.55,
      "ratio": 1.0
    },
    "hi": {
      "fertility": 2.393,
      "ratio": 0.9384313725490195
    },
    "id": {
      "fertility": 2.719,
      "ratio": 1.0662745098039217
    },
    "ja": {
      "fertility": 38.779,
      "ratio": 15.20745098039216
    },
    "jv": {
      "fertility": 2.767,
      "ratio": 1.0850980392156864
    },
    "ko": {
      "fertility": 3.01,
      "ratio": 1.1803921568627451
    },
    "ms": {
      "fertility": 2.707,
      "ratio": 1.0615686274509804
    },
    "th": {
      "fertility": 10.285,
      "ratio": 4.033333333333334
    },
    "tl": {
      "fertility": 2.306,
      "ratio": 0.9043137254901962
    },
    "vi": {
      "fertility": 1.888,
      "ratio": 0.7403921568627451
    },
    "zh": {
      "fertility": 13.602,
      "ratio": 5.334117647058824
    }
  },
  "elapsed": 376.3756582736969,
  "vocab": 49822,
  "merges": 48073
}